[{"Book":"The Lion, the Witch and the Wardrobe","Author(s)":"C.S. Lewis","Original language":"English","First published":"1950","Approximate sales":"85 million[35]","Genre":"Fantasy, children's fiction"},{"Book":"She: A History of Adventure","Author(s)":"H. Rider Haggard","Original language":"English","First published":"1887","Approximate sales":"83 million[36]","Genre":"Adventure"},{"Book":"The Da Vinci Code","Author(s)":"Dan Brown","Original language":"English","First published":"2003","Approximate sales":"80 million[37]","Genre":"Mystery thriller"},{"Book":"Harry Potter and the Chamber of Secrets","Author(s)":"J. K. Rowling","Original language":"English","First published":"1998","Approximate sales":"77 million[38]","Genre":"Fantasy, children's fiction"},{"Book":"The Catcher in the Rye","Author(s)":"J. D. Salinger","Original language":"English","First published":"1951","Approximate sales":"65 million[39]","Genre":"Coming-of-age"},{"Book":"Harry Potter and the Prisoner of Azkaban","Author(s)":"J. K. Rowling","Original language":"English","First published":"1999","Approximate sales":"65 million[40]","Genre":"Fantasy, children's fiction"},{"Book":"Harry Potter and the Goblet of Fire","Author(s)":"J. K. Rowling","Original language":"English","First published":"2000","Approximate sales":"65 million[40]","Genre":"Fantasy, children's fiction"},{"Book":"Harry Potter and the Order of Phoenix","Author(s)":"J. K. Rowling","Original language":"English","First published":"2003","Approximate sales":"65 million[40]","Genre":"Fantasy, children's fiction"},{"Book":"Harry Potter and the Half-Blood Prince","Author(s)":"J. K. Rowling","Original language":"English","First published":"2005","Approximate sales":"65 million[40]","Genre":"Fantasy, children's fiction"},{"Book":"Harry Potter and the Deathly Hallows","Author(s)":"J. K. Rowling","Original language":"English","First published":"2007","Approximate sales":"65 million[40]","Genre":"Fantasy, children's fiction"},{"Book":"The Bridges of Madison County","Author(s)":"Robert James Waller","Original language":"English","First published":"1992","Approximate sales":"60 million[41]","Genre":"Romance"},{"Book":"One Hundred Years of Solitude (Cien a\u00f1os de soledad)","Author(s)":"Gabriel Garc\u00eda M\u00e1rquez","Original language":"Spanish","First published":"1967","Approximate sales":"50 million[42][43][44]","Genre":"Magic realism"},{"Book":"Lolita","Author(s)":"Vladimir Nabokov","Original language":"English","First published":"1955","Approximate sales":"50 million[45]","Genre":"Novel"},{"Book":"Heidi","Author(s)":"Johanna Spyri","Original language":"German","First published":"1880","Approximate sales":"50 million[46]","Genre":"Children's fiction"},{"Book":"The Common Sense Book of Baby and Child Care","Author(s)":"Benjamin Spock","Original language":"English","First published":"1946","Approximate sales":"50 million[47]","Genre":"Manual"},{"Book":"Anne of Green Gables","Author(s)":"Lucy Maud Montgomery","Original language":"English","First published":"1908","Approximate sales":"50 million[48]","Genre":"Children's novel"},{"Book":"Black Beauty","Author(s)":"Anna Sewell","Original language":"English","First published":"1877","Approximate sales":"50 million[49]","Genre":"Children's literature"},{"Book":"The Name of the Rose (Il Nome della Rosa)","Author(s)":"Umberto Eco","Original language":"Italian","First published":"1980","Approximate sales":"50 million[50]","Genre":"Historical novel, mystery"},{"Book":"The Eagle Has Landed","Author(s)":"Jack Higgins","Original language":"English","First published":"1975","Approximate sales":"50 million[51]","Genre":"War, thriller"},{"Book":"Watership Down","Author(s)":"Richard Adams","Original language":"English","First published":"1972","Approximate sales":"50 million[52]","Genre":"Fantasy"},{"Book":"The Hite Report","Author(s)":"Shere Hite","Original language":"English","First published":"1976","Approximate sales":"50 million[53]","Genre":"Sexology"},{"Book":"Charlotte's Web","Author(s)":"E. B. White; illustrated by Garth Williams","Original language":"English","First published":"1952","Approximate sales":"50 million[54]","Genre":"Children's fiction"},{"Book":"The Ginger Man","Author(s)":"J. P. Donleavy","Original language":"English","First published":"1955","Approximate sales":"50 million[55]","Genre":"Novel"},{"Book":"The Purpose Driven Life","Author(s)":"Rick Warren","Original language":"English","First published":"2002","Approximate sales":"50 million[56]","Genre":"Philosophical Manual"}]